{"train-loss": 0.8781614895295171, "train-mrr": 0.8452474492637857, "_step": 89, "_timestamp": 1586578284.7123454, "_runtime": 34730.55506134033, "val-time-sec": 51.49779200553894, "val-mrr": 0.47154170824133834, "train-time-sec": 1295.5500936508179, "val-loss": 1.0644391308660093, "epoch": 14, "best_val_mrr_loss": 1.064416486284007, "best_val_mrr": 0.4719668791397758, "best_epoch": 9}
